source,target
3909,3911
3909,2653
3911,3909
3911,2262
1059,3287
1059,0377
2678,3255
2678,3911
2667,2888
2667,3910
3910,2107
3910,2627
3850,3910
3850,0176
5393,5751
5393,3910
5085,2103
5085,4524
2654,2433
2654,2627
3331,2491
3331,1067
2837,2366
2837,2888
3806,3255
3806,3807
2247,2764
2247,4345
2196,2247
2196,2700
2277,3255
2277,2247
4345,4250
4345,2247
3565,0497
3565,3576
2078,2495
2078,5173
1600,1133
1600,3985
1133,1600
1133,3078
3949,3951
3949,5604
3951,3949
3951,1045
5046,4995
5046,5815
5804,3058
5804,0176
2361,1906
2361,5284
4909,4995
4909,2913
0153,0152
0153,3058
0344,1771
0344,2342
4903,4696
4903,2777
2815,5306
2815,5447
0254,0673
0254,0923
3415,2906
3415,1160
0336,0678
0336,0981
2624,1028
2624,0678
0678,0336
0678,2624
4242,4250
4242,0678
1688,0678
1688,1680
0415,1474
0415,5113
4917,4814
4917,4269
5760,5621
5760,1805
1295,0333
1295,1514
3342,2888
3342,1473
1473,1467
1473,3342
3044,2003
3044,5449
2504,2783
2504,3576
3118,2611
3118,0930
4845,4730
4845,5149
5809,3073
5809,4845
5627,5447
5627,5522
5810,3782
5810,5979
4674,5036
4674,0320
0226,0652
0226,2246
0984,4736
0984,1197
1925,2919
1925,2150
5432,5269
5432,0785
5415,5120
5415,2701
0021,0125
0021,1909
0012,0092
0012,5415
0904,1535
0904,2396
4471,4475
4471,2603
2213,3269
2213,0981
3269,0558
3269,2952
4311,4217
4311,0632
4631,4408
4631,5449
1055,1013
1055,1053
1260,3996
1260,3973
1736,1183
1736,5593
5012,5054
5012,2296
5054,5012
5054,0150
3272,1493
3272,4004
2724,3000
2724,2754
0940,2724
0940,3003
1181,1145
1181,1680
4425,4250
4425,0151
4439,4425
4439,2187
4010,3990
4010,3782
2514,0543
2514,5346
3519,5399
3519,1778
3446,3003
3446,3303
3003,2398
3003,3162
2842,3521
2842,5464
3521,2842
3521,4900
3522,2842
3522,5364
3581,2474
3581,1598
0677,0797
0677,2603
0622,4600
0622,2516
4194,4250
4194,4611
3905,3854
3905,2612
5674,5180
5674,1609
0355,5549
0355,0545
0433,1281
0433,2310
0461,0433
0461,5246
2310,2847
2310,0433
4495,4481
4495,5759
2334,2310
2334,1567
4175,4176
4175,2888
4176,4175
4176,2262
1930,3679
1930,4408
5166,5588
5166,2064
1054,1045
1054,5532
1424,4939
1424,0635
5005,5030
5005,5675
3881,4001
3881,0235
3918,4001
3918,2563
4001,5336
4001,5330
3040,3772
3040,3299
4681,5026
4681,5693
0399,2511
0399,0290
4789,4681
4789,5018
4849,4681
4849,2888
2925,2104
2925,0930
0930,3119
0930,0011
5330,5336
5330,2361
2830,1918
2830,4279
1484,1045
1484,1811
1812,1484
1812,5018
1811,1484
1811,4681
5399,2658
5399,2561
3524,3053
3524,2995
1460,1459
1460,1757
1459,0944
1459,5897
2900,2518
2900,4156
2850,2426
2850,2888
2426,5029
2426,0626
5409,5036
5409,2561
4996,4814
4996,1770
3121,2888
3121,3000
3000,3121
3000,3122
3808,2893
3808,3807
3673,3299
3673,4323
3600,2791
3600,3456
0475,0516
0475,0903
0725,1410
0725,2679
0196,1045
0196,0180
5451,3662
5451,3925
4670,5008
4670,5010
5008,4995
5008,4670
1367,1702
1367,3315
3950,0510
3950,1242
1702,0257
1702,5018
3642,3665
3642,5120
3525,2047
3525,1698
1651,0752
1651,5771
4634,4664
4634,0927
5953,5875
5953,1332
5949,5953
5949,1088
3792,2627
3792,3791
1175,0255
1175,0557
0649,0648
0649,2551
0730,0443
0730,2632
2495,2865
2495,3098
2865,2495
2865,5464
0629,1827
0629,2495
2829,1890
2829,2865
5336,5330
5336,2495
0979,0902
0979,2737
2598,2599
2598,5598
2599,2627
2599,3287
4219,4250
4219,0779
4189,4330
4189,3055
2751,3580
2751,2750
2763,2750
2763,3925
1519,1514
1519,5024
1510,1519
1510,1959
3436,2813
3436,2262
5491,4093
5491,2796
2103,2750
2103,2104
1862,0571
1862,1861
4381,4395
4381,3808
5132,3570
5132,2226
0906,3347
0906,2396
1831,5621
1831,5028
0419,0828
0419,2247
5150B,236ð—…¢
5150B,014ð—€“
2637,3168
2637,3836
5149,5418
5149,0380
5735,5751
5735,1012
5217,3689
5217,0762
4690,4963
4690,0486
4692,4690
4692,0176
5083,5551
5083,3852
5551,5138
5551,5083
3689,2121
3689,1630
5625,5659
5625,2999
1822,1045
1822,3898
1014,0226
1014,1045
3086,3413
3086,3388
3731,2518
3731,4682
4296,4351
4296,1861
4351,4296
4351,1887
4717,4995
4717,2731
4217,4311
4217,0187
1399,1517
1399,3713
0151,0124
0151,4425
5898,5814
5898,2653
3419,2539
3419,4613
0369,0568
0369,0046
5366,1640
5366,5888
1078,0930
1078,4063
1192,2942
1192,0785
5418,5149
5418,2753
1117,1045
1117,3101
2288,3673
2288,5149
0211,2194
0211,2226
4846,4814
4846,0148
0775,1586
0775,4031
5684,1659
5684,0152
1422,1189
1422,5684
5126,5356
5126,3689
4370,4248
4370,0731
3606,2232
3606,3466
3998,3966
3998,3606
1698,2047
1698,4485
5821,5864
5821,1890
1506,0618
1506,1219
5577,1656
5577,0615
5096,5577
5096,0405
5506,5096
5506,3141
1656,0516
1656,5577
2439,3094
2439,2888
4302,4174
4302,3242
3242,3110
3242,1504
2868,3242
2868,2857
4494,4478
4494,1640
3100,3898
3100,2456
2456,3255
2456,3100
5036,4674
5036,5815
5286,5531
5286,3574
5499,5286
5499,3133
5290,5134
5290,3530
5134,5286
5134,2262
5081,5286
5081,1999
5082,5286
5082,4408
4183,4250
4183,5134
4120,4252
4120,5081
3649,5499
3649,5081
0410,0613
0410,4661
0083,0111
0083,4234
4234,4250
4234,0083
5589,5642
5589,4732
5642,5670
5642,1156
5287,3623
5287,2888
0380,0686
0380,5149
0632,1823
0632,1003
0934,1535
0934,0930
1305,0934
1305,5449
1277,1105
1277,3261
2733,3004
2733,2783
1353,5225
1353,3094
4499,4481
4499,0621
0581,0304
0581,0502
5100,5521
5100,0749
4433,4436
4433,3463
4436,4433
4436,2325
5970,5864
5970,4874
4119,4250
4119,5970
2771,3366
2771,2796
5502,1808
5502,0925
4092,4041
4092,1525
4046,4092
4046,3966
2144,3570
2144,0304
4972,4980
4972,3306
1456,1796
1456,4972
3893,3938
3893,3570
3938,3893
3938,2888
3354,3883
3354,1467
1378,1546
1378,2492
4899,4684
4899,0176
4090,4052
4090,5057
5248,4852
5248,3566
0696,1671
0696,4573
1787,1572
1787,5057
2416,3051
2416,1887
5307,5459
5307,5306
3596,3150
3596,4875
5113,5072
5113,1451
3859,3907
3859,2293
2625,3107
2625,4015
5071,5113
5071,5203
0666,3981
0666,3915
0578,5549
0578,2361
3006,1542
3006,0932
5328,5547
5328,3050
2197,1338
2197,2417
4207,4109
4207,5897
4129,4207
4129,5695
2749,2518
2749,2699
3392,3043
3392,5911
3465,2385
3465,3614
4017,4018
4017,2082
0985,3388
0985,3004
2104,2452
2104,0429
4860,4871
4860,1886
3398,3008
3398,5915
0932,0930
0932,2700
1487,1045
1487,5601
5601,5218
5601,1487
5088,4707
5088,1915
0169,0750
0169,4688
0501,0169
0501,0558
4216,4450
4216,2064
4971,4980
4971,3305
0938,1085
0938,0937
3929,3956
3929,0749
5530,5529
5530,1279
2228,5864
2228,1976
3870,3916
3870,4027
3896,3870
3896,1887
5579,5534
5579,4457
5534,5579
5534,2951
0797,0572
0797,0749
1250,0571
1250,3622
0749,0226
0749,0797
0850,0749
0850,0873
2923,3485
2923,1427
1918,3497
1918,5208
1903,1918
1903,2544
5026,4681
5026,0615
4542,4508
4542,0381
1050,0981
1050,0502
3697,2783
3697,3744
4661,4408
4661,5120
3883,3912
3883,3354
4573,4645
4573,3226
5567,5282
5567,0540
1735,0361
1735,3742
3450,5725
3450,1667
5537,2936
5537,3058
4658,2404
4658,5028
2862,3622
2862,5464
1089,1245
1089,0050
4723,5024
4723,2403
2378,2983
2378,1136
2395,2378
2395,3728
0180,0226
0180,0196
5157,5404
5157,2132
4807,4910
4807,3545
4537,0026
4537,2478
1638,1598
1638,3662
4930,5743
4930,1068
5000,4930
5000,0313
5743,4995
5743,2716
3278,3190
3278,5546
1319,0685
1319,0245
3291,2861
3291,4796
4293,4250
4293,3226
3075,2025
3075,2996
4250,2864
4250,4246
4249,4250
4249,3934
4232,4273
4232,0718
4095,4250
4095,5734
2864,2888
2864,4250
0718,0722
0718,4232
1842,1564
1842,1778
3288,3119
3288,1887
3289,3119
3289,5392
3119,2753
3119,0930
4239,4250
4239,3119
3161,3255
3161,3119
5075,3119
5075,2129
5222,5248
5222,5281
1085,0221
1085,1239
0609,2977
0609,5878
3766,2442
3766,5881
1221,1326
1221,3183
3051,2416
3051,1079
0576,1319
0576,3926
3096,1145
3096,5449
5015,4995
5015,4401
3243,2262
3243,1264
4150,4342
4150,3475
3178,3195
3178,1045
1212,1153
1212,5598
5084,5170
5084,4519
5323,3485
5323,2467
4016,2696
4016,5825
2083,2620
2083,0005
0619,1818
0619,3438
4888,4901
4888,3867
4427,4250
4427,1566
1566,4427
1566,5941
2333,2530
2333,0541
2025,2417
2025,2194
5819,5818
5819,0001
4577,4576
4577,0516
4576,4518
4576,2665
5435,1636
5435,4057
4375,4372
4375,5675
2970,4375
2970,5644
3770,2396
3770,1861
0983,0520
0983,4595
0025,0089
0025,2710
5608,5208
5608,3429
5208,5608
5208,5086
5340,5766
5340,2492
1011,0478
1011,2757
3402,2518
3402,5617
2058,3058
2058,3882
0141,0122
0141,5875
1331,1243
1331,0557
5357,5704
5357,2561
4952,4684
4952,3662
1361,1245
1361,2565
1699,1387
1699,1606
1327,1242
1327,2262
2047,3525
2047,1698
1892,1623
1892,0289
2360,1892
2360,2919
1979,3865
1979,2047
5751,4008
5751,1770
5179,3513
5179,0157
0050,0147
0050,1965
3255,2508
3255,0585
2571,2716
2571,0665
2295,3281
2295,1567
3590,2230
3590,1598
1598,1592
1598,3581
5618,5643
5618,3194
5985,5911
5985,5348
5242,5700
5242,1698
0750,1249
0750,2716
5033,4764
5033,0443
5131,5464
5131,0485
4019,4044
4019,4217
4624,2247
4624,3382
3382,2627
3382,5677
1486,1517
1486,4902
1489,1507
1489,3119
3727,2302
3727,2777
1934,0914
1934,2005
1883,1887
1883,1586
2872,3804
2872,2873
2873,2262
2873,2872
1318,1113
1318,4812
4921,4940
4921,5933
1596,0493
1596,1595
5698,5356
5698,1602
4505,0213
4505,3465
1613,1586
1613,4929
1123,1586
1123,3375
0962,1586
0962,1427
4844,5026
4844,1661
0830,0403
0830,2796
1841,0152
1841,5297
1685,0269
1685,1586
0326,0269
0326,1586
1478,0830
1478,0405
5055,4902
5055,1836
0298,0547
0298,2107
3249,1886
3249,1245
4424,4250
4424,2546
0494,3213
0494,2888
1661,1586
1661,5267
1148,1546
1148,2541
5045,4916
5045,2539
2445,3255
2445,3215
1466,1465
1466,3101
3128,3265
3128,1195
4329,4342
4329,5751
2094,2679
2094,0011
0209,1586
0209,0762
2979,3484
2979,2973
3619,4037
3619,5414
4792,4732
4792,0131
3213,3120
3213,0494
3193,3278
3193,0494
0999,0930
0999,3058
3219,2888
3219,0999
3903,3936
3903,2888
4007,3936
4007,5686
2365,3759
2365,2602
3936,4007
3936,2750
1391,0601
1391,4321
2174,0558
2174,5855
1313,1312
1313,1887
5299,5481
5299,2939
1312,1200
1312,3287
1667,1195
1667,5725
5936,5869
5936,3266
4478,4494
4478,0155
3973,3996
3973,1260
2491,3696
2491,2111
3696,2491
3696,5124
3274,2888
3274,0573
0573,1200
0573,0176
0286,0573
0286,5101
3669,2627
3669,4796
4693,4922
4693,1997
4736,4693
4736,0984
2650,2063
2650,0084
5482,5307
5482,4103
1846,0758
1846,1847
1847,0652
1847,1846
4613,0226
4613,3419
3440,5307
3440,4613
1737,0822
1737,1576
0375,1321
0375,0350
1135,5573
1135,1136
0244,1737
0244,2335
0822,0244
0822,2080
4586,4508
4586,0822
2348,3440
2348,3354
4512,4613
4512,0430
5993,5901
5993,1845
2972,3485
2972,1364
3256,3701
3256,3255
4037,4084
4037,3619
4084,4037
4084,1818
3755,2549
3755,1909
2100,3782
2100,1993
3921,5422
3921,0665
4938,4940
4938,3876
3876,4004
3876,0100
5251,5689
5251,2129
5689,5775
5689,5645
5507,5147
5507,1200
5653,1770
5653,3764
5439,5120
5439,5453
2767,0805
2767,2764
3540,3024
3540,5489
0304,1680
0304,1207
2148,3255
2148,0304
3023,3058
3023,3190
2145,2861
2145,0304
4935,4995
4935,1861
2322,2518
2322,2164
0630,0436
0630,2374
5044,4940
5044,5881
5562,1656
5562,3094
3476,2909
3476,5113
5560,5562
5560,0242
3840,3841
3840,0471
1648,0758
1648,5541
5156,5489
5156,1925
0294,1375
0294,5156
1276,0294
1276,3058
3432,3294
3432,2544
4510,2247
4510,5156
3687,2104
3687,1640
4920,4730
4920,2176
1649,0174
1649,5226
0961,0925
0961,0181
0054,0055
0054,2061
3097,3052
3097,3831
2831,3510
2831,4296
2279,3255
2279,4045
4045,2061
4045,5133
1256,1757
1256,3228
3538,1643
3538,0068
3680,2888
3680,3538
5903,5818
5903,2739
0260,1671
0260,2020
0948,1071
0948,5904
2597,2516
2597,2696
5404,5157
5404,3993
3144,3587
3144,3095
3587,4413
3587,5702
2293,2500
2293,3859
4374,4250
4374,3366
0536,2235
0536,4601
4314,4250
4314,5801
5910,5875
5910,3934
3516,1892
3516,5689
3999,3867
3999,1818
3867,3879
3867,4888
5188,5396
5188,2005
3458,2361
3458,3453
1208,0951
1208,2144
2507,3255
2507,0565
4837,5003
4837,0516
3667,2181
3667,5634
5634,3667
5634,1750
5311,5634
5311,0623
4621,4653
4621,0722
4096,4250
4096,1987
1987,3988
1987,2068
3339,3255
3339,0683
0683,3339
0683,2627
1081,1586
1081,0683
0470,5542
0470,1266
0498,1586
0498,2474
3632,2627
3632,5564
2307,5308
2307,5378
2718,1890
2718,2778
1026,1630
1026,5528
4716,5013
4716,3528
0256,0074
0256,2194
2476,2750
2476,2467
5679,5742
5679,5677
0376,1279
0376,2492
4585,4572
4585,2797
1588,0752
1588,3454
0752,2663
0752,0020
0503,0752
0503,2888
0020,0029
0020,0752
0402,2709
0402,2162
4085,4060
4085,1640
0116,0762
0116,1357
5790,5655
5790,5818
5505,4135
5505,5492
5492,5505
5492,2396
3253,2503
3253,1040
3841,3815
3841,1539
5582,5581
5582,3851
2521,2520
2521,0744
1644,1586
1644,1827
2614,3788
2614,2551
2551,3789
2551,0649
3417,2539
3417,5652
4026,4027
4026,5757
5714,5531
5714,1640
0821,1321
0821,4085
1268,1338
1268,5742
4768,4791
4768,4153
4761,4768
4761,4942
1636,0159
1636,5435
1751,2946
1751,3485
0372,1751
0372,1770
0538,0537
0538,2262
1272,0538
1272,3433
0537,0538
0537,2354
2531,3419
2531,0537
3425,3419
3425,3391
3802,5967
3802,5880
3708,2136
3708,4459
5847,5875
5847,5845
4297,4250
4297,0335
3569,2417
3569,5017
3334,2270
3334,1107
2270,3334
2270,2262
1216,0966
1216,1215
1215,0944
1215,1216
1178,1215
1178,5734
3369,3718
3369,2395
3718,3369
3718,5689
2648,3369
2648,2627
5118,5258
5118,2198
1530,3058
1530,0632
1721,0361
1721,3640
1803,0409
1803,1656
0409,1803
0409,2104
1458,1573
1458,3057
0092,2266
0092,0004
1863,3876
1863,5815
2019,2590
2019,0388
4620,2246
4620,1326
1985,1918
1985,1836
1531,1535
1531,2539
0431,0618
0431,0259
3179,2888
3179,0618
0618,4408
0618,2449
0416,0960
0416,0355
0919,1047
0919,3003
1829,0618
1829,1640
1693,1736
1693,0952
2375,1911
2375,5314
3456,4106
3456,4307
3502,3456
3502,5727
1363,1224
1363,1760
1825,4408
1825,5449
5041,4995
5041,1825
1289,0312
1289,3027
0259,1289
0259,0430
3985,2679
3985,1603
4823,4807
4823,3985
0279,1675
0279,0166
5732,3708
5732,4735
0101,0089
0101,3180
0089,0095
0089,2612
0104,0089
0104,5113
0095,0089
0095,1268
2936,2939
2936,5537
1997,3058
1997,0176
4116,4250
4116,0176
3586,3782
3586,5701
5701,3465
5701,3485
3461,3465
3461,5701
3172,0561
3172,1191
3385,2888
3385,1512
1512,3385
1512,2325
1394,1074
1394,5341
0915,0213
0915,3003
5403,5298
5403,5422
2406,3003
2406,3162
0533,1929
0533,2888
1873,0304
1873,5852
3399,2539
3399,0930
3964,3861
3964,0443
2809,3282
2809,4063
3282,3315
3282,0261
4321,4323
4321,3282
3192,3282
3192,2700
5400,5196
5400,5188
0925,2725
0925,3003
1527,5043
1527,1771
2350,3756
2350,2194
0155,0361
0155,3943
1780,0702
1780,5346
2436,0632
2436,2679
3762,1918
3762,1861
5702,3530
5702,3551
1823,0839
1823,2716
5792,5756
5792,2551
5738,2716
5738,5531
2651,2888
2651,0659
0659,1586
0659,2651
2343,2341
2343,0762
4322,4317
4322,3660
3672,2262
3672,4322
4014,3992
4014,5780
3992,3852
3992,1580
3952,3992
3952,3180
1439,1475
1439,5598
4389,4250
4389,1439
3390,2627
3390,1549
3292,3390
3292,1464
0381,3492
0381,4551
0404,1417
0404,2107
2469,3132
2469,1340
2355,1918
2355,0478
3984,0761
3984,0707
4848,4760
4848,2888
5916,5882
5916,0789
1502,0930
1502,1504
1271,1300
1271,3065
2570,2569
2570,3290
3346,3255
3346,1300
0637,1836
0637,2510
4588,4626
4588,4419
3942,3841
3942,4214
3553,3058
3553,1770
4705,4995
4705,2913
3330,2888
3330,2164
1643,1586
1643,3538
5059,4845
5059,0637
1199,1531
1199,2770
1095,1199
1095,2962
0965,1460
0965,5088
2486,3215
2486,3255
2301,2302
2301,1896
3763,1918
3763,3791
0343,1736
0343,2194
2345,5877
2345,1760
2896,2518
2896,2737
4180,4250
4180,3046
1102,1586
1102,1326
3091,1093
3091,1564
0162,1586
0162,2178
4660,4408
4660,5659
3504,2833
3504,5593
4411,4250
4411,1861
4686,4719
4686,2725
0037,0124
0037,2080
4294,4342
4294,2202
0144,0124
0144,1507
3628,2888
3628,5258
5877,5901
5877,3433
2177,2892
2177,2306
2306,2177
2306,2132
2676,3255
2676,0665
4555,5082
4555,4250
3234,2753
3234,2738
1246,1245
1246,4808
5233,5212
5233,1309
5950,5845
5950,1105
2391,3513
2391,1887
1977,3513
1977,2262
3513,1986
3513,4859
3470,3513
3470,3454
3682,2216
3682,3513
2251,3682
2251,2262
5042,5031
5042,2061
5035,5042
5035,0981
3149,3304
3149,2778
3594,2064
3594,4908
3692,3304
3692,4908
4908,3692
4908,4905
5031,5042
5031,0797
0644,2247
0644,0673
0971,1074
0971,5090
3258,3354
3258,1259
3730,3732
3730,3000
3739,3732
3739,4014
2535,3732
2535,1887
3732,2535
3732,4406
4406,4250
4406,3732
0492,0754
0492,0499
0950,1073
0950,2181
1024,1073
1024,1271
1073,1074
1073,1093
5662,5188
5662,1073
4509,4517
4509,5161
5752,5643
5752,3549
4467,4457
4467,3572
3605,3255
3605,4467
2460,0545
2460,0558
2382,3465
2382,2460
3453,0010
3453,3576
3467,0515
3467,4895
0515,0089
0515,2560
2691,3614
2691,2565
4949,4895
4949,1390
0181,0961
0181,2121
5929,5864
5929,3287
4957,4946
4957,1153
4946,4980
4946,1293
1293,0545
1293,3266
2699,2983
2699,2753
5284,2750
5284,1906
3829,3812
3829,5284
0417,2738
0417,1978
0783,2144
0783,0797
0074,1602
0074,5199
2000,1999
2000,3138
1107,0510
1107,3294
3564,2062
3564,1770
3559,3564
3559,4829
5171,5620
5171,0190
4483,4494
4483,5171
1266,0470
1266,1835
4252,4225
4252,4247
2626,3236
2626,3818
2685,3362
2685,3936
2408,3058
2408,5313
2552,2565
2552,1893
0411,1796
0411,0032
5442,4489
5442,0749
2032,3540
2032,0100
0544,2374
0544,3782
1713,0544
1713,5134
0107,1911
0107,2440
0612,0397
0612,0559
0321,0574
0321,5858
3413,2518
3413,1160
2217,3693
2217,0213
5312,5378
5312,5308
3517,1909
3517,4852
4852,3517
4852,5248
3478,3517
3478,5018
3490,3517
3490,3934
2501,2500
2501,3934
4387,4388
4387,1437
4388,4387
4388,4676
4893,4905
4893,3950
0713,1141
0713,2569
5245,4001
5245,0374
5343,5184
5343,2300
3828,3813
3828,1105
3825,3828
3825,3065
3820,3828
3820,5992
3947,2683
3947,3174
3664,0545
3664,3693
3963,3990
3963,1572
5326,2716
5326,2393
2697,3744
2697,5404
0879,1374
0879,4398
4361,4389
4361,1374
1374,0879
1374,0282
4560,0624
4560,3287
0530,1374
0530,0520
4481,4488
4481,4503
4492,4481
4492,1887
0457,1045
0457,1332
1534,0457
1534,1758
0450,0457
0450,0208
5581,3695
5581,0956
0597,0092
0597,0635
0225,1085
0225,0050
4391,4250
4391,2302
5022,4681
5022,2302
2689,2302
2689,3934
2522,2302
2522,5878
2811,2302
2811,2778
2526,2302
2526,2169
2079,3589
2079,0391
5285,5113
5285,3317
5550,5285
5550,1160
3499,2037
3499,3551
0111,0047
0111,0338
0338,3862
0338,3857
1068,1145
1068,3545
1083,2474
1083,0361
1760,0123
1760,5424
2902,1029
2902,4593
0418,1798
0418,0541
1798,0418
1798,5655
3391,3448
3391,0154
0748,0168
0748,0811
0168,0748
0168,2104
2642,4951
2642,4319
5607,5586
5607,1427
4574,2937
4574,5390
1049,2211
1049,1225
5643,5193
5643,1279
5077,2364
5077,1906
5374,5643
5374,5354
5162,5643
5162,0003
5541,3551
5541,1648
4511,4669
4511,0464
4669,4511
4669,3791
0579,1224
0579,0502
5510,1678
5510,1204
0190,0235
0190,5171
5300,1735
5300,1918
5548,3317
5548,0792
0792,5548
0792,2757
1400,1246
1400,5671
5671,5390
5671,0826
0827,0886
0827,4709
0826,1799
0826,0827
0799,2783
0799,0791
0635,1424
0635,2447
3894,0724
3894,4893
3986,3914
3986,4893
1931,5170
1931,2137
2876,2888
2876,2834
3957,3830
3957,0524
2898,3422
2898,2857
0278,1326
0278,2089
1773,1326
1773,5196
0386,1326
0386,0607
4869,4939
4869,1608
1326,1153
1326,0795
0172,0046
0172,0464
0495,1085
0495,3801
1240,1326
1240,3006
2377,1906
2377,0613
3990,3861
3990,1735
4430,4171
4430,1890
3279,3281
3279,3319
5533,5258
5533,3167
5986,5815
5986,5780
4758,4696
4758,5815
2910,3768
2910,5959
5632,5610
5632,1286
2209,3127
2209,5223
5909,5870
5909,3925
3127,2262
3127,2910
2367,2910
2367,0558
4304,4250
4304,1279
3167,2663
3167,5604
1859,1279
1859,5864
1279,0795
1279,0677
2127,0612
2127,0310
3114,2499
3114,0930
3143,3114
3143,0678
2233,2127
2233,1887
2236,2127
2236,0594
2190,2127
2190,5621
2185,2127
2185,3065
2619,2750
2619,3833
3679,2609
3679,2987
1631,1586
1631,1793
4263,4250
4263,5200
5200,2009
5200,4263
2009,3065
2009,5200
5657,5659
5657,5449
2405,2734
2405,5274
5446,5746
5446,2711
3694,2262
3694,5746
5611,5758
5611,2415
0390,5670
0390,0394
1200,0573
1200,5507
3438,0619
3438,1115
2472,3786
2472,1365
5746,5446
5746,5241
3106,0582
3106,1166
1166,1481
1166,5585
3585,2256
3585,1691
0441,1045
0441,2082
2125,3142
2125,0749
5512,5269
5512,1043
3164,3255
3164,1197
0070,0089
0070,0756
0099,0070
0099,0113
3434,0113
3434,1281
3715,2518
3715,4821
2143,2171
2143,5200
1933,5676
1933,1921
0311,1200
0311,4519
2304,2302
2304,0762
0001,0354
0001,0003
1578,0001
1578,4681
3038,3008
3038,1059
3082,3004
3082,2989
0084,0089
0084,5399
0082,0084
0082,2747
5270,5702
5270,1888
1958,0463
1958,2211
1754,0328
1754,5713
4408,4413
4408,5082
2128,2302
2128,2141
4259,4115
4259,5521
2043,2402
2043,2262
0320,2807
0320,2323
2323,2518
2323,0320
2807,3266
2807,0320
2740,2807
2740,4092
4279,4342
4279,2183
2799A,262ð—¼»
2799A,076ð—·¤
3602,2782
3602,5700
3229,3190
3229,3228
0885,0377
0885,4457
5631,5459
5631,0972
5459,5307
5459,4050
5576,3678
5576,0516
0662,0169
0662,2647
1514,1519
1514,3099
3713,2518
3713,3551
1294,0544
1294,1514
4059,4018
4059,5671
1833,0151
1833,5673
4988,4907
4988,2739
5178,5724
5178,0188
0188,0187
0188,5178
3546,1995
3546,4797
4955,4867
4955,0543
0543,1758
0543,2514
0483,1045
0483,1828
4636,4533
4636,3528
3168,3368
3168,0960
3171,2262
3171,3168
5078,5120
5078,2111
4819,4684
4819,2971
1711,0277
1711,5113
4639,4612
4639,5783
5756,3484
5756,3485
3226,4573
3226,3228
4027,4024
4027,5855
0269,0823
0269,4236
0823,0269
0823,2539
3113,0497
3113,4596
5214,5596
5214,5113
4596,4508
4596,0936
0936,1586
0936,3113
5870,3784
5870,2647
1696,1329
1696,1601
0755,3576
0755,4048
2737,2997
2737,0979
1310,0573
1310,3094
5694,5113
5694,0952
3965,3879
3965,3000
5739,5659
5739,3639
1413,1546
1413,2290
0959,0966
0959,1890
2834,3512
2834,0874
4186,4342
4186,2961
4769,5050
4769,0481
2832,2831
2832,1262
4751,5057
4751,2931
4384,4226
4384,5946
0273,0745
0273,0272
0262,1074
0262,0275
2312,2533
2312,1906
3624,2892
3624,4851
2827,2708
2827,5472
1088,5949
1088,5553
2206,2888
2206,2701
4684,4803
4684,2701
2701,2983
2701,5415
2960,2701
2960,0333
0367,2206
0367,0046
4295,4250
4295,2207
1508,1531
1508,0616
5979,3782
5979,5472
5696,5702
5696,3530
1061,0934
1061,1640
1167,1061
1167,5308
1983,2561
1983,2302
1341,1342
1341,4362
1248,1341
1248,2848
1342,1341
1342,3679
0560,1749
0560,1887
1231,0596
1231,0496
5737,5760
5737,4824
5380,3988
5380,5900
5448,5788
5448,2913
4916,4829
4916,5205
2062,3564
2062,5173
1611,0981
1611,5024
0910,0900
0910,3961
4694,4751
4694,3580
4824,4845
4824,1061
5812,5811
5812,3073
1966,3485
1966,5146
3518,3465
3518,2259
3366,2888
3366,1121
4866,4739
4866,1832
5143,3551
5143,0226
2966,1918
2966,0596
0651,2905
0651,3912
4244,4246
4244,0779
0264,2262
0264,1890
2810,2302
2810,4052
2275,2292
2275,0124
1932,2716
1932,5176
4708,4762
4708,4507
3725,2297
3725,1711
4367,4250
4367,0132
5061,5057
5061,3841
3536,3078
3536,5625
5057,4751
5057,0152
5058,5057
5058,5414
0157,5179
0157,1586
3723,2520
3723,1586
0777,1586
0777,2520
2554,3485
2554,2620
2929,1918
2929,0930
0606,3354
0606,2442
5030,4887
5030,4401
0676,0123
0676,0645
3297,2262
3297,1309
1309,5233
1309,3297
3094,2439
3094,1046
1046,0764
1046,3094
4213,4250
4213,3094
5531,5714
5531,5074
3534,2607
3534,5531
1115,0764
1115,0803
0471,1564
0471,0232
2181,3387
2181,0443
1724,5661
1724,5742
3019,3540
3019,1045
5799,4313
5799,1861
0953,1535
0953,3456
4832,4940
4832,4653
1871,0541
1871,1861
2734,3058
2734,0802
0007,0119
0007,2698
2243,1328
2243,0354
0780,0779
0780,2492
3238,2888
3238,1245
1245,1546
1245,3249
5498,5258
5498,0930
1139,1101
1139,1424
3623,2888
3623,5287
0817,1384
0817,2716
3989,4474
3989,3685
1441,0391
1441,3429
5024,4723
5024,1795
5159,3485
5159,1481
4288,4265
4288,3196
3751,2440
3751,5657
1826,4408
1826,4856
0377,4617
0377,0458
1091,3287
1091,3497
2765,2627
2765,2734
1344,1166
1344,5321
1682,0896
1682,0078
0896,1682
0896,4497
5187,3639
5187,3852
3576,2111
3576,5692
0769,0187
0769,0768
4709,4719
4709,5655
3904,0014
3904,3008
5961,4668
5961,0906
3472,3510
3472,2750
1332,0457
1332,1465
1263,1408
1263,1259
3215,2883
3215,2533
2480,0522
2480,5288
0228,0750
0228,0422
5247,5742
5247,1801
4755,4995
4755,1002
4264,4342
4264,1207
4255,4264
4255,2778
1819,5636
1819,1025
0914,1166
0914,0464
0479,2757
0479,0478
0521,1043
0521,1887
1660,0521
1660,3495
5526,3898
5526,1014
1956,2566
1956,5415
5830,4015
5830,3852
0740,0001
0740,2724
2201,1457
2201,0334
0330,5121
0330,0046
1728,5846
1728,5215
2192,2782
2192,2194
2518,5047
2518,2519
2448,2518
2448,2003
5555,5155
5555,1356
5140,5555
5140,2269
5776,5689
5776,1616
4420,4401
4420,3744
1316,4335
1316,4630
5569,5464
5569,1097
2802,2518
2802,2737
2203,5347
2203,0860
3451,3510
3451,5351
1719,1097
1719,5659
5351,0930
5351,2618
3356,2518
3356,3439
5612,1824
5612,5615
2135,3183
2135,1910
1896,1918
1896,5842
3500,1896
3500,5128
2558,1896
2558,3900
3769,2709
3769,3807
0218,0686
0218,2328
2493,3356
2493,0541
2483,2627
2483,5864
0874,0600
0874,2834
0600,0874
0600,3255
4809,4874
4809,5888
5145,5566
5145,0019
1720,1105
1720,5659
4165,4250
4165,4795
0723,5303
0723,4573
4821,4753
4821,3898
3400,2539
3400,3000
0442,1501
0442,2107
0220,2478
0220,0232
5339,5435
5339,3281
3647,2262
3647,4899
2903,1918
2903,4486
5151,5096
5151,0473
3477,1918
3477,1836
1539,1481
1539,3841
1836,1569
1836,1616
0465,1836
0465,0267
0572,0797
0572,3248
1004,0737
1004,0502
0737,1004
0737,5399
5296,1640
5296,2888
0128,0113
0128,1366
3685,2212
3685,3989
3268,5341
3268,1514
3199,3268
3199,5783
0267,0559
0267,4469
0340,0541
0340,0364
5267,1661
5267,0535
0519,0058
0519,2679
3375,3255
3375,0519
2643,0014
2643,5898
3803,4951
3803,4015
5908,5805
5908,2770
5227,1700
5227,2212
1772,1771
1772,5319
5319,1772
5319,3576
3046,4180
3046,5046
1234,1564
1234,3190
1755,2701
1755,3513
3666,2627
3666,3513
3433,5877
3433,1272
0580,1153
0580,2533
5344,1793
5344,2518
5644,5759
5644,1105
0364,2783
0364,0541
1861,1862
1861,4668
4029,4027
4029,1674
2721,2002
2721,4065
2392,2104
2392,2503
5497,2750
5497,0964
2948,3679
2948,5638
1627,0853
1627,3503
3074,3058
3074,3080
2838,1929
2838,2888
2817,2702
2817,2737
0296,1153
0296,5204
0088,0067
0088,1210
2294,2510
2294,1836
2123,3588
2123,5275
3588,2123
3588,5018
3512,2834
3512,5156
5989,5877
5989,3689
2074,2888
2074,1890
2773,2627
2773,2708
0171,0758
0171,2074
4324,4359
4324,5315
3045,3058
3045,3305
1632,1586
1632,5026
1037,1132
1037,2939
1132,1037
1132,2981
2038,3551
2038,0321
5253,1586
5253,0304
3379,3255
3379,5577
2285,2121
2285,1935
1003,1630
1003,3194
5728,5449
5728,3591
4925,4971
4925,3194
4485,4481
4485,1698
5771,5449
5771,1651
5692,5120
5692,3576
5120,5415
5120,2783
3299,2782
3299,3673
0341,1153
0341,2183
3064,5029
3064,3287
5630,5414
5630,1262
0907,1564
0907,2396
5686,4007
5686,1564
1209,2725
1209,2789
0714,1770
0714,4951
3474,1918
3474,5113
5897,5814
5897,4207
3320,3644
3320,1087
2313,3811
2313,2171
3305,3318
3305,2712
1429,2511
1429,1204
2792,3255
2792,4051
4346,4250
4346,3305
4594,5258
4594,1485
1920,3498
1920,2133
4124,4250
4124,1920
5888,5864
5888,2627
0707,1408
0707,2627
0664,1103
0664,4573
0741,5173
0741,2782
0282,1374
0282,2132
5093,5469
5093,2315
3954,2587
3954,3031
3937,3954
3937,2857
0846,1586
0846,2842
2603,4482
2603,4890
5559,1640
5559,1105
1041,0039
1041,5638
3351,2184
3351,1452
3849,3910
3849,4118
3960,3849
3960,2262
4118,4250
4118,3849
2644,2888
2644,3823
3891,3849
3891,5883
2468,2652
2468,3692
4695,4940
4695,4107
4107,4303
4107,4695
3079,3551
3079,5670
1577,0001
1577,1606
2086,3087
2086,3844
2222,3351
2222,0322
5129,1640
5129,1948
0322,0795
0322,2222
5218,5601
5218,0447
0447,1487
0447,5218
5122,5352
5122,0762
0009,0094
0009,4469
0094,0009
0094,2147
0284,0102
0284,2111
1196,0787
1196,4595
2732,3058
2732,0779
2417,4064
2417,4973
5685,5791
5685,1140
1140,1586
1140,5685
3014,3775
3014,3003
3775,3530
3775,1869
3443,3657
3443,0154
1775,1869
1775,4995
5429,5464
5429,3926
3771,2052
3771,3782
2155,2446
2155,5171
2640,0502
2640,2563
3507,3485
3507,1638
4790,4729
4790,5864
1233,1292
1233,0176
1292,3275
1292,3266
2326,2906
2326,0413
4108,4250
4108,2915
2915,3489
2915,4108
2860,2888
2860,4099
4099,4250
4099,0008
0008,2106
0008,0080
1814,1045
1814,4882
4233,4250
4233,0676
2839,2946
2839,2888
1485,0444
1485,4594
0967,0966
0967,4507
3043,3392
3043,0046
1537,1492
1537,1535
5487,5639
5487,4401
0863,1668
0863,2826
1668,0863
1668,3576
0154,0124
0154,1572
5309,4882
5309,3596
1794,5670
1794,4489
1788,1794
1788,5113
3900,3980
3900,2471
5670,5642
5670,1794
1180,1215
1180,5172
4553,4617
4553,2290
0711,0786
0711,2679
0786,0330
0786,3931
3961,3943
3961,1153
1034,0977
1034,4562
0977,1034
0977,5509
4160,4250
4160,4608
1595,0491
1595,3576
1018,0642
1018,3052
4196,4250
4196,3551
4530,4635
4530,1586
3784,2647
3784,5870
3459,1906
3459,3456
1525,1524
1525,4092
1218,1535
1218,1259
1255,1535
1255,1259
4507,0089
4507,4708
3621,2150
3621,5712
5067,5071
5067,3844
2264,2134
2264,0597
1675,2783
1675,3576
2759,3040
2759,2761
1351,1675
1351,1094
4347,4401
4347,0123
4191,4347
4191,3506
2754,5336
2754,2724
2342,0481
2342,5050
2816,2342
2816,2778
4477,4481
4477,1640
2428,3551
2428,3898
0604,0625
0604,4408
5706,5421
5706,5707
2769,2863
2769,5421
4894,4681
4894,3575
4564,0381
4564,2246
5376,5643
5376,2620
5848,5852
5848,5854
4839,4732
4839,5449
0252,1153
0252,5158
5853,5815
5853,0398
4441,4178
4441,0398
0014,0089
0014,3904
5599,5388
5599,1195
2131,2750
2131,0021
4583,4644
4583,2710
2442,3089
2442,5298
5298,3484
5298,2442
2731,2034
2731,5433
1535,1531
1535,2541
1462,1535
1462,0613
5009,4889
5009,1467
5593,3662
5593,3174
5594,5604
5594,5592
0129,0125
0129,0482
2930,3510
2930,0228
5324,3662
5324,3551
5086,5113
5086,5208
0478,1011
0478,1844
1249,1259
1249,0750
4571,4517
4571,0697
0702,2492
0702,4349
3228,0541
3228,2665
4651,0226
4651,5751
5220,5218
5220,1948
4248,4370
4248,5449
4928,4889
4928,2705
3163,2650
3163,5598
2885,3163
2885,2888
3749,2814
3749,1602
4979,4955
4979,1758
3336,3255
3336,1325
1258,0545
1258,1325
1325,1326
1325,1319
2559,1986
2559,2560
0060,0020
0060,2977
1574,0473
1574,0624
0473,1834
0473,5151
1834,0473
1834,3606
2111,2491
2111,0176
3265,3934
3265,1546
2080,0822
2080,3812
3738,2323
3738,5113
0834,1501
0834,4092
1501,0442
1501,5901
3262,2888
3262,1501
0087,0089
0087,2734
2853,3237
2853,0528
5034,4980
5034,1492
3902,0665
3902,2549
4461,4274
4461,3580
4446,4274
4446,5380
1679,1153
1679,5734
1601,1103
1601,5225
1741,1671
1741,3682
2008,3530
2008,2132
5867,5922
5867,3255
1704,0783
1704,0317
5922,5818
5922,1046
0365,0366
0365,5136
2340,5307
2340,0403
0072,0105
0072,0245
0403,0830
0403,2340
4341,4342
4341,4174
5885,5914
5885,2888
1173,3096
1173,3003
2952,1918
2952,1514
2965,1901
2965,1762
1376,0785
1376,3349
3373,3255
3373,1572
5672,1922
5672,1572
0468,1572
0468,5855
1572,0468
1572,1787
5410,4672
5410,2724
1057,0515
1057,1546
1259,1255
1259,3239
5511,3465
5511,1259
4763,4907
4763,0478
1352,1245
1352,5449
1481,1539
1481,2176
4987,4893
4987,1376
1201,1306
1201,3010
1306,0586
1306,3277
4198,4250
4198,3510
1467,3354
1467,2961
1105,0510
1105,1277
5715,5258
5715,1830
0843,1564
0843,2783
2649,2888
2649,0724
1030,2105
1030,0905
0888,0444
0888,2560
0444,1045
0444,1586
5896,5838
5896,2627
2136,2487
2136,5163
5965,5968
5965,1320
5345,4995
5345,1457
2459,0545
2459,3570
2335,2338
2335,0177
4071,4063
4071,2459
3774,3551
3774,3789
1440,0724
1440,0964
3423,3333
3423,5856
2688,2604
2688,2290
3554,2518
3554,5144
4897,4882
4897,0080
5413,2563
5413,2700
0559,0267
0559,2679
0005,1932
0005,2083
0698,1326
0698,5389
0086,0123
0086,0284
3780,3627
3780,5817
4981,5688
4981,1338
5886,5817
5886,5904
2183,4279
2183,0320
5297,5144
5297,2888
5144,5297
5144,1684
0212,1606
0212,2183
0106,2346
0106,4587
0075,5173
0075,4882
1706,1768
1706,5057
4587,3228
4587,4451
1395,1357
1395,1467
0371,0313
0371,5148
1906,2361
1906,2312
2484,3316
2484,1906
2787,3255
2787,4580
0359,4974
0359,0224
4171,4457
4171,4115
3864,0733
3864,2247
5398,5167
5398,0657
0657,1636
0657,5398
5820,3789
5820,0248
0236,0412
0236,0413
4139,4250
4139,2847
1569,1836
1569,3294
5165,5399
5165,4884
5128,5127
5128,4684
4360,4408
4360,3978
4600,4517
4600,3104
4850,4786
4850,3078
2668,2162
2668,5890
2503,3253
2503,5284
3198,2888
3198,1074
1074,1093
1074,0262
5224,3591
5224,5113
1304,1074
1304,2462
1488,1110
1488,4089
5252,5689
5252,2246
3781,3782
3781,5949
0949,0933
0949,3851
5614,3662
5614,3004
3776,3031
3776,3781
1354,4976
1354,1756
1796,0397
1796,1640
0621,3003
0621,0558
5724,5764
5724,5178
5764,5724
5764,5196
0577,0351
0577,0176
0351,0577
0351,2262
4336,4250
4336,0351
4072,4065
4072,0351
4065,4072
4065,2164
4963,4940
4963,0351
4034,4051
4034,0351
2278,3255
2278,0045
3920,2663
3920,0752
3486,3511
3486,5769
1744,0878
1744,4354
0105,0149
0105,1709
0150,1986
0150,2295
3805,4443
3805,3768
3616,3176
3616,1680
2684,3176
2684,0665
2596,1884
2596,4573
3777,2596
3777,5872
1884,2596
1884,4587
2984,1918
2984,1543
1830,1045
1830,1640
3856,3855
3856,2529
1443,1454
1443,0625
4580,4603
4580,2787
4603,2044
4603,4545
1152,0241
1152,0724
0241,1152
0241,0413
0240,1152
0240,1124
4700,4762
4700,0756
1618,0046
1618,1790
1072,0930
1072,2888
1865,0361
1865,3791
0500,1015
0500,3679
1015,0500
1015,1045
0588,1384
0588,1887
1165,0930
1165,1672
4122,4250
4122,2709
2709,3769
2709,3833
1127,1245
1127,3078
4292,4169
4292,2194
2081,2471
2081,2084
0684,0797
0684,3961
4808,4874
4808,5864
2487,3677
2487,2499
2114,2262
2114,0176
3795,3255
3795,1861
3361,0502
3361,0960
2950,2569
2950,2757
0847,0238
0847,0869
0234,0192
0234,0132
0238,0847
0238,2302
4315,4246
4315,4174
0852,0516
0852,4315
2880,3255
2880,4315
0663,0509
0663,0665
4892,4739
4892,5179
5395,5643
5395,2679
3081,2015
3081,1417
0459,0443
0459,1868
0688,3969
0688,2568
1828,0483
1828,4490
3318,3305
3318,3324
0274,0361
0274,1993
4156,4250
4156,5257
1161,0919
1161,1174
0496,1231
0496,3354
2218,2627
2218,1948
1694,0384
1694,0952
0384,1694
0384,0607
3105,2857
3105,0902
3439,2339
3439,3280
3759,5757
3759,3789
2914,2361
2914,0945
2381,1976
2381,3234
3506,2381
3506,5307
1950,1906
1950,2783
2911,3491
2911,4077
4077,4051
4077,2911
0960,3168
0960,3368
1868,1770
1868,1880
1840,1564
1840,1640
5074,5531
5074,2063
2216,2520
2216,2746
5356,4777
5356,2602
3208,5864
3208,0500
3017,1543
3017,1608
5304,5769
5304,3505
5052,5049
5052,2549
2073,2888
2073,5171
1438,1474
1438,3159
0161,1586
0161,0304
2414,1991
2414,2082
2427,3551
2427,2414
4637,4518
4637,1682
1655,0515
1655,5183
4999,5037
4999,3708
1582,0001
1582,1640
2557,1918
2557,2636
3928,3927
3928,0780
0109,0124
0109,5223
1491,0634
1491,3159
0634,1491
0634,1887
2373,3456
2373,2679
1465,1474
1465,1332
1012,0491
1012,5691
0705,0685
0705,2653
2939,1922
2939,4776
3037,2596
3037,1054
4895,4739
4895,1861
4241,4250
4241,4895
5675,4375
5675,5670
4914,4867
4914,0816
5183,5800
5183,1554
1362,1245
1362,0502
0193,0515
0193,0258
2702,1918
2702,2784
3972,3879
3972,4648
2866,3159
2866,5464
4398,4342
4398,1467
1301,1302
1301,2492
4757,4772
4757,0516
1880,1805
1880,1868
5762,5659
5762,1830
1446,1572
1446,4751
4696,4681
4696,2777
4820,5049
4820,1965
2957,1960
2957,3098
1960,2957
1960,1770
3842,3912
3842,2107
4277,4316
4277,4300
4316,4277
4316,1114
4309,4277
4309,1263
4358,4277
4358,5710
4371,4277
4371,2061
4202,4204
4202,4638
4376,4277
4376,3505
5731,5700
5731,4672
3614,2518
3614,3465
5155,5555
5155,0150
5313,5460
5313,2408
5460,5459
5460,2539
5676,3485
5676,4401
1347,0257
1347,0332
5678,5725
5678,5677
4132,4156
4132,5377
5205,4995
5205,2107
4725,4739
4725,2713
4836,4725
4836,3505
0301,2262
0301,0176
3485,2554
3485,1751
2700,0932
2700,5414
4451,4587
4451,0930
5170,2554
5170,1890
1639,0213
1639,1759
3487,3510
3487,3551
0435,3445
0435,2063
2509,3255
2509,0435
1096,2467
1096,3315
0182,1586
0182,4520
0595,0527
0595,3255
0527,0766
0527,1153
4318,0877
4318,2945
5370,3484
5370,5379
5628,5612
5628,0169
4688,4995
4688,0169
0312,1289
0312,2064
1820,0456
1820,5148
0456,1045
0456,1770
0462,0456
0462,0638
5371,2568
5371,5379
5772,5307
5772,5009
2433,2627
2433,2654
1052,0764
1052,0678
2546,2544
2546,0149
5051,3657
5051,2546
5975,5938
5975,5051
2539,2694
2539,2394
3787,3791
3787,5864
2026,2002
2026,2189
0945,1245
0945,2914
0791,1204
0791,2750
5773,5346
5773,1599
0942,1067
0942,0176
1000,0942
1000,2444
5730,5218
5730,4909
0210,0046
0210,1948
1948,2983
1948,1952
0250,1671
0250,2107
4764,4995
4764,1948
2742,2262
2742,2503
0121,0119
0121,4953
1757,1256
1757,1640
2237,2068
2237,1671
2566,1956
2566,3921
3898,1822
3898,2162
4664,4634
4664,4659
4966,4995
4966,4321
3758,2568
3758,5788
0810,0697
0810,0750
2878,4250
2878,4315
0152,0011
0152,5057
0439,4408
0439,4629
3222,3228
3222,4607
2849,1431
2849,4315
2230,2541
2230,0545
5303,5768
5303,2446
4091,4051
4091,1659
4989,4950
4989,0456
3966,3968
3966,1197
2268,2449
2268,0354
5203,4995
5203,5071
5516,5517
5516,0575
2035,3551
2035,1586
3326,3570
3326,5566
5566,5097
5566,5449
4330,4368
4330,3101
1262,1409
1262,5630
5212,4464
5212,1014
5647,5233
5647,1309
5456,5212
5456,0801
3142,2125
3142,5509
1866,0795
1866,3791
1551,0466
1551,1204
0166,0163
0166,0165
4907,4988
4907,5449
5449,5645
5449,2772
3175,3261
3175,0930
3735,2518
3735,3574
4508,4658
4508,4517
4582,4658
4582,0749
0078,0105
0078,1682
5199,3708
5199,5841
1261,0797
1261,1504
0726,3003
0726,2627
3001,2997
3001,4675
2997,3058
2997,0902
3050,2997
3050,5328
3298,3312
3298,1567
3312,3298
3312,1965
2861,2627
2861,5464
3236,3215
3236,3406
5767,5700
5767,4650
5603,5767
5603,2923
3580,3236
3580,5767
5710,4815
5710,4418
3668,2627
3668,5158
0897,1045
0897,4491
5065,5134
5065,2159
5850,5815
5850,1928
1321,0361
1321,3290
3368,0611
3368,0960
3869,3900
3869,5171
3146,0515
3146,5598
4226,4101
4226,2077
1851,0960
1851,5875
4776,4697
4776,2939
5274,5702
5274,2405
1681,0265
1681,3465
0265,1681
0265,2104
2054,3772
2054,1275
5486,5676
5486,4401
0430,1045
0430,5172
5254,5691
5254,2290
3633,2262
3633,5564
1854,1153
1854,3783
5246,5171
5246,0190
2818,3759
2818,0509
1916,2709
1916,2119
2092,2091
2092,0391
1032,0923
1032,5018
0923,0930
0923,0187
3405,2533
3405,4413
2565,2552
2565,1361
2606,2230
2606,2607
5261,5113
5261,5258
3348,3255
3348,2964
3315,3282
3315,5666
4359,4250
4359,3315
3612,3278
3612,3748
4273,4250
4273,3612
5828,5818
5828,0046
2658,2627
2658,5399
2569,2950
2569,2672
0073,0020
0073,5830
5655,5335
5655,3310
2920,3485
2920,4454
2140,3334
2140,0187
4539,4550
4539,3766
5215,5329
5215,1498
5329,5215
5329,2083
1891,1892
1891,5842
5983,5944
5983,5192
3919,4001
3919,2657
1191,1245
1191,0138
0015,0112
0015,4691
4113,4408
4113,4691
4691,4980
4691,0015
2871,2005
2871,4413
1645,5212
1645,4464
1286,1771
1286,1281
1194,1245
1194,0759
1454,5303
1454,4457
1579,0003
1579,2716
3004,5614
3004,0985
1252,1245
1252,2539
2630,3212
2630,3926
3212,2630
3212,1085
2746,2630
2746,0744
2084,2119
2084,1896
0733,1045
0733,2679
5941,5810
5941,1566
3988,5900
3988,5380
1493,1542
1493,2003
4843,4751
4843,4525
5518,5362
5518,1338
3080,3031
3080,3073
5169,5759
5169,0308
2607,3120
2607,2606
2663,3167
2663,0752
5107,5513
5107,4027
0972,5631
0972,3159
5793,5762
5793,1862
2402,2043
2402,2356
5310,1909
5310,2402
4106,4307
4106,3456
2980,1894
2980,0189
4465,4444
4465,5720
4444,4464
4444,4465
4438,4444
4438,2051
4464,4444
4464,5592
4435,4464
4435,2082
5727,4900
5727,3456
4915,5040
4915,5602
2349,2544
2349,1567
3935,2694
3935,2539
5525,5070
5525,1085
2087,3589
2087,2082
0477,0243
0477,2888
0148,0143
0148,3073
5558,1830
5558,4193
4193,4250
4193,5558
2881,3255
2881,4407
3603,4257
3603,3576
1509,1504
1509,1045
4407,4250
4407,0435
2116,2782
2116,4508
2422,3058
2422,0585
5461,5459
5461,0638
1373,1245
1373,3693
1805,1471
1805,5760
4053,4051
4053,2783
3722,3513
3722,4319
1340,1074
1340,2469
5862,5871
5862,2396
0549,2134
0549,0635
4282,4298
4282,5609
4300,4285
4300,4282
1150,1245
1150,3101
0851,1617
0851,4282
1663,1600
1663,4850
5258,3628
5258,5261
2305,2302
2305,1836
2725,3058
2725,2757
0324,0092
0324,2194
3675,3189
3675,5724
0539,5598
0539,3146
4479,4481
4479,5757
5633,5449
5633,1277
4941,4988
4941,5633
0093,0105
0093,2776
3492,2964
3492,2047
2257,3370
2257,1332
1124,1586
1124,5675
3073,1265
3073,1406
0801,1197
0801,2801
5158,5802
5158,0252
3054,3029
3054,0590
2399,2587
2399,1963
2587,2851
2587,3823
5659,2716
5659,2961
3645,2262
3645,5659
4082,4051
4082,2894
5264,5505
5264,0271
0937,1586
0937,0938
0558,0281
0558,3269
0631,0623
0631,3208
4835,4940
4835,3510
1109,0972
1109,3510
3510,2947
3510,4995
0681,0123
0681,0649
2716,1959
2716,4735
2358,2716
2358,2043
1022,0930
1022,5531
0764,1115
0764,5445
5445,5216
5445,0764
3882,3900
3882,2058
2101,2063
2101,5820
2764,2914
2764,3925
0808,1326
0808,3925
3925,2764
3925,2763
4117,4250
4117,3925
2727,0943
2727,3925
1480,2908
1480,0620
1490,3177
1490,4051
0295,0361
0295,0176
0867,0295
0867,3937
1909,4704
1909,0021
0690,0540
0690,3909
2681,3352
2681,4573
2283,2681
2283,2569
3720,2681
3720,3589
3287,4560
3287,5561
4270,4250
4270,2795
2795,3719
2795,2714
2714,2919
2714,2795
3651,3255
3651,1836
5943,5810
5943,0443
1747,1332
1747,3485
1228,1302
1228,5113
3362,2627
3362,0392
4745,4880
4745,5113
4278,4250
4278,0478
4466,4278
4466,3484
4323,4321
4323,3673
5004,5007
5004,0276
5102,3465
5102,1671
4168,4250
4168,3042
4130,4250
4130,2006
3042,2006
3042,0334
3493,3491
3493,4856
0968,0497
0968,4713
4713,5286
4713,0968
3491,2913
3491,4557
5544,5130
5544,3956
2543,2542
2543,3551
2542,2543
2542,1887
2812,2543
2812,4063
3737,2543
3737,5783
2324,2322
2324,1124
4364,4250
4364,2495
1403,0968
1403,5675
4437,0856
4437,2807
2147,3695
2147,3844
5130,5544
5130,4279
2756,2101
2756,0809
3851,2107
3851,0283
3887,3851
3887,1887
0281,0558
0281,3851
5957,5950
5957,5671
3611,2857
3611,3612
2037,2015
2037,3499
0285,1200
0285,4519
3838,3841
3838,2745
3033,3078
3033,1245
5693,5286
5693,4681
5687,5656
5687,1575
4056,4047
4056,1204
3109,2262
3109,4056
1902,1910
1902,1290
0540,1677
0540,3639
3468,2568
3468,1697
1357,0382
1357,1395
1239,0354
1239,1085
5389,5586
5389,0698
5846,5918
5846,2051
1827,3030
1827,1517
0422,1467
0422,4552
2601,0500
2601,1157
2341,2547
2341,0206
2547,2341
2547,4445
5115,5528
5115,1586
2908,2948
2908,5585
0058,0046
0058,0519
1959,2716
1959,0142
2444,2398
2444,3162
1647,0169
1647,1640
5484,5475
5484,3679
3641,3712
3641,5742
4275,4189
4275,3641
1782,0541
1782,5053
0481,0206
0481,2342
1461,0902
1461,4398
3677,2469
3677,3551
1599,0930
1599,1700
3872,2563
3872,2090
3151,2778
3151,4600
5528,5181
5528,1027
5796,5978
5796,5869
2995,3436
2995,2397
2692,2627
2692,4408
3029,2051
3029,0678
1129,1586
1129,2977
0232,0026
0232,0471
2320,2539
2320,3852
0224,0177
0224,4974
2046,2047
2046,2970
0177,2474
0177,2338
5882,2431
5882,1887
4702,5049
4702,0758
0045,2278
0045,0512
1193,0313
1193,5921
3561,2757
3561,3456
3132,2469
3132,2914
3462,3510
3462,1585
4877,4891
4877,5065
3049,4826
3049,2972
3059,3049
3059,2492
0975,1535
0975,2765
5181,5167
5181,1189
5331,5181
5331,3255
0512,0045
0512,5331
3761,2557
3761,3788
1029,1586
1029,5614
2916,2967
2916,0025
5426,1640
5426,2753
2429,5907
2429,2444
4687,4684
4687,3104
2120,2888
2120,2017
1988,4184
1988,2132
1954,3552
1954,3855
0300,0544
0300,0174
3532,2516
3532,4636
4462,2875
4462,1737
2600,2061
2600,5133
2303,2520
2303,2474
0323,1153
0323,2194
5994,5881
5994,1861
3643,3606
3643,3101
4653,4535
4653,0031
1894,2980
1894,0243
1257,0384
1257,4602
4307,4106
4307,5479
0819,3319
0819,2708
5913,5911
5913,0819
2708,1910
2708,5913
3760,2708
3760,5905
0892,1564
0892,1380
0639,0466
0639,5340
5523,5113
5523,1045
5479,4307
5479,2857
2593,2627
2593,2420
1715,0575
1715,5523
3983,4016
3983,2944
1815,3183
1815,3606
2944,3484
2944,0500
1607,0187
1607,1606
3629,3215
3629,3475
5263,5575
5263,2402
5717,5356
5717,1640
3218,2474
3218,3098
5658,4735
5658,5650
0564,0580
0564,3551
1557,4739
1557,5057
5470,4675
5470,4465
4378,4250
4378,5406
5406,5657
5406,4378
0697,0716
0697,0810
1350,4684
1350,1417
0051,0046
0051,4184
4597,0226
4597,0930
3662,2258
3662,5593
5592,4464
5592,0909
4853,4725
4853,3807
2585,2627
2585,4174
3131,2857
3131,2913
2661,3131
2661,5396
2555,3485
2555,5372
5372,5397
5372,0649
0208,2194
0208,5225
4543,0362
4543,2246
5978,5869
5978,5796
4871,4860
4871,4879
4879,4814
4879,4871
1594,1586
1594,5700
2568,3782
2568,5391
5434,5989
5434,0744
2899,2539
2899,2854
2924,2104
2924,3114
4405,4250
4405,1481
2906,2326
2906,1450
0425,1467
0425,0423
0860,1042
0860,2893
4934,4971
4934,2205
0510,0654
0510,3950
0332,1347
0332,0654
0257,1702
0257,2011
0292,0257
0292,2129
1423,0545
1423,4739
5073,5134
5073,1890
1808,0925
1808,5502
4679,4813
4679,0011
4813,4995
4813,3487
5695,4156
5695,1586
2034,2731
2034,1586
0751,1586
0751,2731
0995,0927
0995,1586
0611,3368
0611,4971
4918,4762
4918,5605
0607,0384
0607,5873
5037,4995
5037,5815
1898,3759
1898,1890
2176,2518
2176,1481
4867,4940
4867,2854
2082,0491
2082,0441
5119,2364
5119,3606
3688,3607
3688,4825
0946,1090
0946,2764
1090,0946
1090,3679
4753,4821
4753,3195
5538,5463
5538,1504
1589,1067
1589,2999
5824,5818
5824,0296
5182,5650
5182,5171
5945,2737
5945,0902
0861,5841
0861,3505
1554,0930
1554,5182
2235,2888
2235,0231
1108,0231
1108,3439
0230,0231
0230,1965
0231,0230
0231,2251
3592,2748
3592,4905
5072,5113
5072,0270
1303,0902
1303,3934
2662,2888
2662,0015
2961,0010
2961,5659
2778,2418
2778,2801
3993,3841
3993,3501
3848,3912
3848,5163
0739,0902
0739,2737
1027,1586
1027,5528
2777,2496
2777,5433
3505,1906
3505,4459
5543,5282
5543,2939
5262,4681
5262,3101
4739,4725
4739,0635
4711,4739
4711,2136
3610,3255
3610,4739
2991,4784
2991,4739
5774,5018
5774,2154
2154,5774
2154,2107
3767,1963
3767,4151
1434,1461
1434,1480
5564,5542
5564,0085
4087,4027
4087,5004
5536,5258
5536,3266
0836,4412
0836,4051
2766,2262
2766,0836
2768,1887
2768,0836
4051,4052
4051,0836
0090,0085
0090,5564
2064,2511
2064,2132
0458,0443
0458,0377
2287,2503
2287,0213
0875,0355
0875,4164
4164,4250
4164,3699
4798,5026
4798,2005
5697,3551
5697,3591
2005,3058
2005,2068
4064,4063
4064,2417
1543,1528
1543,0424
2713,4725
2713,4136
4136,4250
4136,2713
1337,1245
1337,0702
0023,0098
0023,1599
1568,1567
1568,1338
2383,0360
2383,2462
2462,2262
2462,1887
3608,2462
3608,3465
4998,4940
4998,1392
0868,0361
0868,4246
4257,4250
4257,3603
5428,5508
5428,0779
0818,1907
0818,0802
1417,0794
1417,0404
0270,0291
0270,5072
0291,0270
0291,1907
0266,0270
0266,2043
0358,0270
0358,2368
3482,3510
3482,5778
4426,4250
4426,5053
2424,0564
2424,1887
5221,5489
5221,2205
2205,4934
2205,5221
4069,5515
4069,1770
4646,4574
4646,5215
3674,3302
3674,5221
3302,3674
3302,2262
5817,5886
5817,1855
2594,3551
2594,0695
2298,2520
2298,5179
0467,1836
0467,1910
2975,3865
2975,2262
5742,3712
5742,5596
1928,3485
1928,5850
0912,1546
0912,4675
4748,4772
4748,3228
2628,4457
2628,0276
3386,3199
3386,3807
2947,3510
2947,1191
1746,1175
1746,1640
0980,0930
0980,0190
2479,3788
2479,2511
4754,4807
4754,3052
2012,3058
2012,0269
4305,4250
4305,5635
1402,1671
1402,1572
5099,5701
5099,1586
4689,5120
4689,0934
5014,4689
5014,2520
2119,2084
2119,1916
4701,4940
4701,5420
5420,5134
5420,4701
3740,1918
3740,1640
3948,3985
3948,0938
5890,5791
5890,2668
5570,5136
5570,2709
3418,2539
3418,2484
5539,5366
5539,1640
1048,0764
1048,0941
0524,1045
0524,2620
5121,4825
5121,0330
4973,4868
4973,1338
4977,4719
4977,1757
2117,3574
2117,4520
3714,2135
3714,3740
1965,0482
1965,1625
2063,2101
2063,2137
4215,4250
4215,2063
2068,2627
2068,2107
4308,4359
4308,5225
4697,4916
4697,1912
3531,3530
3531,5697
1912,1918
1912,5163
4447,4457
4447,2584
3941,2584
3941,2871
3940,2584
3940,4214
3997,2584
3997,5700
2584,3058
2584,4447
4919,4995
4919,5422
1206,1187
1206,0783
3223,2627
3223,0502
1028,1586
1028,1507
2394,2990
2394,2539
2990,2394
2990,1477
5292,5422
5292,0522
0428,0429
0428,1890
0992,1549
0992,4744
4829,3559
4829,4916
3259,2518
3259,3098
2696,2518
2696,0671
0943,1110
0943,2727
1110,0943
1110,5566
1621,0031
1621,5148
0031,1014
0031,4653
0405,1404
0405,5096
0722,0718
0722,1650
3442,3438
3442,0722
3070,3053
3070,0722
1404,1245
1404,0405
5691,1290
5691,1012
5350,5691
5350,5690
2664,0590
2664,2669
2669,2262
2669,2664
2191,2484
2191,2194
3371,2750
3371,4850
0596,5954
0596,2477
5306,3592
5306,2813
3711,2888
3711,5043
0571,3640
0571,0520
2157,4550
2157,2104
5669,5670
5669,5645
4179,4250
4179,3544
1640,5539
1640,5366
5437,4882
5437,2716
4200,4226
4200,5566
0520,1606
0520,0571
0800,1245
0800,5455
1604,0522
1604,5723
0522,1604
0522,2854
3589,2440
3589,4739
1338,2963
1338,4973
0528,5841
0528,5304
2520,2539
2520,2521
4912,4889
4912,5841
0382,1357
0382,0424
3411,2518
3411,3098
0672,1606
0672,2696
4997,4995
4997,5334
5334,5754
5334,0506
0506,1014
0506,5334
3543,3020
3543,5334
4170,4250
4170,1630
2549,3755
2549,3576
1430,0397
1430,4595
1464,1467
1464,0361
5854,5848
5854,1993
4547,4517
4547,1770
4497,4481
4497,5911
1495,3183
1495,1012
2660,0509
2660,2585
5865,3862
5865,5316
4075,4063
4075,2492
3340,2220
3340,3353
2982,1918
2982,0443
0258,5598
0258,0193
3039,3058
3039,5449
4453,4171
4453,3067
3420,2518
3420,5449
1968,1918
1968,0046
5097,5566
5097,2132
3494,1918
3494,1638
3408,2539
3408,1829
2112,2469
2112,2098
2263,0497
2263,1770
3663,2263
3663,3495
2156,3255
2156,0257
3970,3977
3970,3180
3977,3970
3977,5569
1329,1696
1329,4457
5163,2136
5163,1160
1077,1452
1077,5364
3956,3929
3956,4538
5094,2964
5094,4627
4876,4929
4876,5583
4929,4889
4929,0929
3099,3098
3099,1296
4707,4693
4707,5088
3414,2311
3414,5569
1790,1467
1790,5659
1807,1790
1807,2769
0869,0132
0869,2857
2962,2934
2962,1095
0574,0321
0574,0635
4889,0757
4889,0929
3852,3912
3852,5250
3858,3852
3858,5212
0929,0930
0929,4889
5320,5179
5320,3665
0545,2230
0545,5320
1585,0484
1585,4663
5782,2750
5782,5881
5988,5782
5988,1640
1927,1920
1927,1890
5712,5113
5712,4859
3544,3053
3544,1640
3020,3543
3020,1817
0339,1348
0339,3876
5185,5659
5185,4628
3844,3989
3844,5067
0443,0624
0443,5032
2784,5286
2784,5415
2149,2503
2149,2104
0557,1175
0557,3780
1285,0800
1285,1279
3231,0497
3231,1040
4662,4408
4662,1640
2180,2518
2180,5163
5076,5414
5076,4508
2356,1906
2356,2402
2262,2260
2262,1242
2260,2262
2260,0373
2634,2639
2634,3678
2329,2533
2329,2262
4126,4250
4126,4507
0570,1218
0570,2888
1870,1667
1870,0602
0602,1870
0602,2888
0855,1586
0855,4395
4858,4980
4858,3485
2711,3485
2711,5436
5436,4995
5436,2716
0617,1467
0617,5321
5255,1783
5255,2107
0735,0618
0735,5890
0742,2725
0742,2716
3332,2494
3332,5937
1002,1093
1002,1586
2168,3255
2168,0071
3455,1918
3455,1608
5981,5951
5981,3654
3654,3119
3654,5981
5951,5981
5951,1321
4685,4760
4685,2107
4760,4940
4760,4685
0165,1586
0165,0166
0774,1586
0774,2806
2224,2518
2224,0320
4541,2246
4541,0471
0434,1045
0434,5192
4629,0439
4629,4408
1038,0902
1038,2035
4475,4469
4475,4471
1520,0434
1520,3044
0427,0434
0427,0476
5955,5981
5955,1794
3874,3900
3874,1364
2783,2232
2783,5416
0883,0354
0883,0856
2232,2783
2232,2258
1021,0993
1021,5851
1137,0993
1137,2888
0507,0993
0507,3255
1370,1251
1370,1472
1251,1370
1251,1045
0239,1085
0239,1567
2680,2888
2680,0701
0701,2680
0701,2665
0028,0015
0028,2398
5690,5691
5690,3153
0392,2709
0392,1890
1669,4980
1669,3576
0763,1035
0763,2778
3065,0053
3065,1338
4881,4867
4881,4882
5789,4881
5789,5864
3380,3255
3380,1475
5167,5623
5167,5194
5623,5167
5623,1045
4229,4250
4229,5167
1035,1229
1035,0763
1770,5241
1770,1738
1701,1770
1701,3457
4260,4247
4260,2147
4154,4114
4154,2937
1388,0361
1388,3290
0732,4408
0732,4360
2801,2518
2801,2778
0255,1746
0255,2064
3190,3898
3190,1079
1893,2565
1893,0921
0374,1710
0374,1382
1174,1161
1174,4223
0902,1074
0902,2997
2912,1906
2912,0935
4550,4539
4550,5690
2987,3679
2987,2977
0779,2732
0779,1159
3545,1068
3545,4807
5667,5385
5667,3343
0878,1744
0878,4401
5575,1640
5575,0764
3665,3642
3665,5320
5621,1763
5621,3189
0956,3190
0956,5581
0796,1153
0796,2757
5864,3787
5864,2177
1709,0105
1709,2364
2238,3322
2238,2488
1848,0046
1848,5815
1738,1105
1738,1770
0841,1836
0841,0779
4729,4838
4729,4898
2240,1327
2240,2262
3932,0665
3932,2700
0759,3932
0759,1194
4101,4226
4101,5065
0921,1245
0921,1893
5114,4638
5114,0046
1532,1507
1532,1338
2772,2854
2772,5422
2524,2302
2524,0571
3395,2524
3395,1330
4399,4250
4399,2524
2854,0522
2854,5464
3173,2854
3173,5614
4218,4250
4218,2854
0189,2980
0189,2085
2848,2003
2848,4279
5367,4653
5367,0733
2655,2262
2655,5367
3266,3148
3266,1292
3148,3266
3148,2781
3240,3266
3240,3201
5572,1606
5572,0764
0482,1625
0482,1965
0455,1223
0455,0482
1630,4170
1630,3679
0760,1630
0760,2708
3757,3485
3757,3782
5316,3484
5316,5865
5337,3591
5337,5316
4076,4063
4076,5337
0288,1854
0288,3611
2347,3431
2347,2262
3431,2544
3431,3012
2346,3431
2346,0106
5260,2364
5260,2403
4513,4667
4513,5818
4593,4513
4593,2902
4581,4513
4581,0793
1242,0673
1242,4289
4289,4364
4289,1242
2396,2842
2396,0522
2498,2627
2498,5333
3595,3621
3595,2624
0293,2492
0293,2164
4350,4296
4350,0293
2179,2412
2179,0429
2412,2432
2412,1995
2879,2888
2879,4357
5043,4902
5043,0457
4822,4762
4822,3852
5411,5113
5411,5072
5333,4369
5333,2498
1071,1226
1071,5886
2556,1952
2556,5894
5894,5021
5894,2556
1801,1879
1801,4855
0998,1087
0998,1810
1087,0998
1087,1567
2541,2518
2541,1886
2576,2632
2576,2083
2632,2627
2632,1861
5635,5201
5635,3214
5201,5635
5201,5207
3076,3054
3076,0764
0460,0624
0460,2492
3445,2351
3445,1281
3650,3255
3650,5659
1941,1918
1941,2194
2199,2627
2199,1941
3865,3819
3865,2975
3809,0703
3809,3796
2492,3202
2492,0293
1118,0980
1118,3320
3447,2549
3447,0255
1198,1245
1198,0764
1207,0944
1207,0304
3353,3354
3353,2977
0249,1067
0249,0176
4386,4278
4386,0139
1911,2375
1911,0071
4610,2246
4610,1514
3568,1887
3568,1671
2891,3568
2891,2888
4944,4683
4944,3259
3126,4457
3126,0930
4033,4052
4033,2226
5726,5302
5726,3577
4057,5435
4057,3281
2715,4226
2715,2787
4735,4995
4735,2716
1641,1003
1641,3452
4545,2246
4545,2044
3523,3020
3523,4675
2202,0514
2202,0762
4491,4485
4491,1514
4493,4491
4493,1097
1075,0930
1075,5645
2207,1955
2207,1952
5586,5791
5586,0902
3570,2878
3570,5566
4434,0856
4434,0001
2289,3255
2289,2291
5838,5896
5838,0084
0820,1671
0820,2738
1396,1069
1396,3357
1969,1918
1969,0217
4395,4250
4395,1791
0562,3062
0562,3552
2013,2422
2013,2107
3745,3746
3745,0509
5629,5167
5629,1349
4706,4893
4706,0960
1324,1105
1324,2893
0514,0213
0514,0502
1556,0636
1556,5598
5176,2716
5176,0005
4089,0143
4089,3570
2821,1892
2821,4123
1366,1531
1366,0128
2130,2888
2130,0071
4527,4539
4527,5690
1254,1162
1254,3875
1673,0557
1673,3465
1333,1673
1333,1097
4178,4113
4178,1075
4142,4379
4142,5359
1449,3258
1449,1259
1938,2926
1938,2474
2397,2205
2397,2396
0756,0019
0756,4700
0812,2262
0812,0756
2506,0585
2506,0559
4534,2246
4534,1364
2274,2503
2274,0354
3744,2518
3744,4420
0762,3875
0762,2716
3886,3990
3886,5308
0969,0993
0969,3966
0352,5549
0352,0541
0561,0702
0561,0123
0167,0481
0167,2098
4623,4541
4623,0443
1544,0434
1544,0443
1540,1520
1540,0443
5958,5955
5958,0443
0871,1718
0871,2822
5661,5742
5661,1724
0887,3354
0887,2854
5683,5209
5683,0443
1874,0092
1874,5811
1853,1874
1853,1481
0898,0434
0898,4475
0307,1387
0307,2075
1387,1699
1387,3278
5206,5770
5206,5841
5213,5206
5213,0198
2265,2479
2265,0354
0354,0594
0354,0221
0594,0354
0594,2236
0552,0354
0552,2888
0221,1085
0221,0354
0308,0552
0308,5169
0554,0552
0554,1887
2003,3072
2003,2311
1036,3058
1036,3031
4967,4878
4967,3334
0568,0207
0568,3172
2753,3234
2753,5414
4777,5368
4777,5356
0772,2924
0772,2753
0889,0443
0889,2875
3835,3841
3835,5390
3140,3235
3140,3576
4726,4739
4726,4315
4617,4508
4617,0377
2859,2664
2859,2858
1390,3273
1390,4949
3090,2434
3090,5598
2869,2888
2869,4247
4247,4317
4247,2869
4317,4247
4317,4322
1408,1535
1408,1263
1336,1044
1336,1764
5926,5818
5926,1079
2595,3551
2595,2679
1839,0466
1839,1640
2942,3766
2942,1192
0721,1436
0721,4265
5842,5834
5842,5177
1762,2965
1762,3726
1145,1146
1145,3096
2328,2533
2328,0541
4878,4898
4878,1672
